Datetime,Daerah
3/24/2022 3:00,Palmerah
3/24/2022 4:00,Palmerah
3/24/2022 5:00,Palmerah
3/24/2022 6:00,Ciputat
3/24/2022 7:00,Pamulang
3/24/2022 8:00,Ciputat
3/24/2022 9:00,Ciputat
3/24/2022 10:00,Ciputat
3/24/2022 11:00,Palmerah
3/24/2022 12:00,Palmerah
3/24/2022 13:00,Palmerah
3/24/2022 14:00,Ciputat
3/24/2022 15:00,Cilandak
3/24/2022 16:00,Lebak Bulus
3/24/2022 17:00,Cililitan
3/24/2022 18:00,cipayung
3/24/2022 19:00,Cibubur
3/24/2022 20:00,Cibubur
3/24/2022 21:00,Cibubur
3/24/2022 22:00,Cibubur
3/24/2022 23:00,Cibubur
3/24/2022 0:00,Cibubur
3/25/2022 1:00,Cibubur
3/25/2022 2:00,Cibubur
3/25/2022 3:00,Cibubur
3/25/2022 4:00,Cibubur
3/25/2022 5:00,Cibubur
3/25/2022 6:00,Cililitan
3/25/2022 7:00,Lebak Bulus
3/25/2022 8:00,Cilandak
3/25/2022 9:00,Cilandak
3/25/2022 10:00,Cilandak
3/25/2022 11:00,Cilandak
3/25/2022 12:00,Cilandak
3/25/2022 13:00,Cilandak
3/25/2022 14:00,Cilandak
3/25/2022 15:00,Cilandak
3/25/2022 16:00,Lebak Bulus
3/25/2022 17:00,Cililitan
3/25/2022 18:00,Cipayung
3/25/2022 19:00,Cibubur
3/25/2022 20:00,Cibubur
3/25/2022 21:00,Cibubur
3/25/2022 22:00,Cibubur
3/25/2022 23:00,Cibubur
3/25/2022 0:00,Cibubur
3/26/2022 1:00,Cibubur
3/26/2022 2:00,Cibubur
3/26/2022 3:00,Cibubur
3/26/2022 4:00,Cibubur
3/26/2022 5:00,Cibubur
3/26/2022 6:00,Cibubur
3/26/2022 7:00,Cibubur
3/26/2022 8:00,Cibubur
3/26/2022 9:00,Cibubur
3/26/2022 10:00,Cibubur
3/26/2022 11:00,Cibubur
3/26/2022 12:00,Cibubur
3/26/2022 13:00,Cibubur
3/26/2022 14:00,Cibubur
3/26/2022 15:00,Cibubur
3/26/2022 16:00,Cibubur
3/26/2022 17:00,Cibubur
3/26/2022 18:00,Cibubur
3/26/2022 19:00,Cibubur
3/26/2022 20:00,Cibubur
3/26/2022 21:00,Cibubur
3/26/2022 22:00,Cibubur
3/26/2022 23:00,Cibubur
3/26/2022 0:00,Cibubur
3/27/2022 1:00,Cibubur
3/27/2022 2:00,Cibubur
3/27/2022 3:00,Cibubur
3/27/2022 4:00,Cibubur
3/27/2022 5:00,Cibubur
3/27/2022 6:00,Cibubur
3/27/2022 7:00,Cibubur
3/27/2022 8:00,Cibubur
3/27/2022 9:00,Cibubur
3/27/2022 10:00,Cibubur
3/27/2022 11:00,Cibubur
3/27/2022 12:00,Cibubur
3/27/2022 13:00,Cibubur
3/27/2022 14:00,Cibubur
3/27/2022 15:00,Cibubur
3/27/2022 16:00,Cibubur
3/27/2022 17:00,Cibubur
3/27/2022 18:00,Cibubur
3/27/2022 19:00,Cibubur
3/27/2022 20:00,Cibubur
3/27/2022 21:00,Cibubur
3/27/2022 22:00,Cibubur
3/27/2022 23:00,Cibubur
3/27/2022 0:00,Cibubur
3/28/2022 1:00,Cibubur
3/28/2022 2:00,Cibubur
3/28/2022 3:00,Cibubur
3/28/2022 4:00,Cibubur
3/28/2022 5:00,Cibubur
3/28/2022 6:00,Cibubur
3/28/2022 7:00,Cibubur
3/28/2022 8:00,Cibubur
3/28/2022 9:00,Cibubur
3/28/2022 10:00,Cibubur
3/28/2022 11:00,Cibubur
3/28/2022 12:00,Cibubur
3/28/2022 13:00,Cibubur
3/28/2022 14:00,Cibubur
3/28/2022 15:00,Cibubur
3/28/2022 16:00,Cibubur
3/28/2022 17:00,Cibubur
3/28/2022 18:00,Cibubur
3/28/2022 19:00,Cibubur
3/28/2022 20:00,Cibubur
3/28/2022 21:00,Cibubur
3/28/2022 22:00,Cibubur
3/28/2022 23:00,Cibubur
3/28/2022 0:00,Cibubur
3/29/2022 1:00,Cibubur
3/29/2022 2:00,Cibubur
3/29/2022 3:00,Cibubur
3/29/2022 4:00,Cibubur
3/29/2022 5:00,Cibubur
3/29/2022 6:00,Cililitan
3/29/2022 7:00,Lebak Bulus
3/29/2022 8:00,Cilandak
3/29/2022 9:00,Cilandak
3/29/2022 10:00,Cilandak
3/29/2022 11:00,Cilandak
3/29/2022 12:00,Cilandak
3/29/2022 13:00,Cilandak
3/29/2022 14:00,Cilandak
3/29/2022 15:00,Cilandak
3/29/2022 16:00,Cilandak
3/29/2022 17:00,Kramat jati
3/29/2022 18:00,Cililitan
3/29/2022 19:00,Rambutan
3/29/2022 20:00,Cibubur
3/29/2022 21:00,Cibubur
3/29/2022 22:00,Cibubur
3/29/2022 23:00,Cibubur
3/29/2022 0:00,Cibubur
3/30/2022 1:00,Cibubur
3/30/2022 2:00,Cibubur
3/30/2022 3:00,Cibubur
3/30/2022 4:00,Cibubur
3/30/2022 5:00,Cibubur
3/30/2022 6:00,Cililitan
3/30/2022 7:00,Lebak Bulus
3/30/2022 8:00,Cilandak
3/30/2022 9:00,Cilandak
3/30/2022 10:00,Cilandak
3/30/2022 11:00,Cilandak
3/30/2022 12:00,Cilandak
3/30/2022 13:00,Cilandak
3/30/2022 14:00,Cilandak
3/30/2022 15:00,Cilandak
3/30/2022 16:00,Cilandak
3/30/2022 17:00,Kramat jati
3/30/2022 18:00,Cililitan
3/30/2022 19:00,Rambutan
3/30/2022 20:00,Cibubur
3/30/2022 21:00,Cibubur
3/30/2022 22:00,Cibubur
3/30/2022 23:00,Cibubur
3/30/2022 0:00,Cibubur
3/31/2022 1:00,Cibubur
3/31/2022 2:00,Cibubur
3/31/2022 3:00,Cibubur
3/31/2022 4:00,Cibubur
3/31/2022 5:00,Cibubur
3/31/2022 6:00,Cililitan
3/31/2022 7:00,Lebak Bulus
3/31/2022 8:00,Cilandak
3/31/2022 9:00,Cilandak
3/31/2022 10:00,Cilandak
3/31/2022 11:00,Cilandak
3/31/2022 12:00,Cilandak
3/31/2022 13:00,Cilandak
3/31/2022 14:00,Cilandak
3/31/2022 15:00,Cilandak
3/31/2022 16:00,Cilandak
3/31/2022 17:00,Kramat jati
3/31/2022 18:00,Cililitan
3/31/2022 19:00,Rambutan
3/31/2022 20:00,Cibubur
3/31/2022 21:00,Cibubur
3/31/2022 22:00,Cibubur
3/31/2022 23:00,Cibubur
3/31/2022 0:00,Cibubur
4/1/2022 1:00,Cibubur
4/1/2022 2:00,Cibubur
4/1/2022 3:00,Cibubur
4/1/2022 4:00,Cibubur
4/1/2022 5:00,Cibubur
4/1/2022 6:00,Cililitan
4/1/2022 7:00,Lebak Bulus
4/1/2022 8:00,Cilandak
4/1/2022 9:00,Cilandak
4/1/2022 10:00,Cilandak
4/1/2022 11:00,Cilandak
4/1/2022 12:00,Cilandak
4/1/2022 13:00,Cilandak
4/1/2022 14:00,Cilandak
4/1/2022 15:00,Cilandak
4/1/2022 16:00,Cilandak
4/1/2022 17:00,Kramat jati
4/1/2022 18:00,Cililitan
4/1/2022 19:00,Rambutan
4/1/2022 20:00,Cibubur
4/1/2022 21:00,Cibubur
4/1/2022 22:00,Cibubur
4/1/2022 23:00,Cibubur
4/1/2022 0:00,Cibubur
4/2/2022 1:00,Cibubur
4/2/2022 2:00,Cibubur
4/2/2022 3:00,Cibubur
4/2/2022 4:00,Cibubur
4/2/2022 5:00,Cibubur
4/2/2022 6:00,Cililitan
4/2/2022 7:00,Lebak Bulus
4/2/2022 8:00,Cilandak
4/2/2022 9:00,Cilandak
4/2/2022 10:00,Cilandak
4/2/2022 11:00,Cilandak
4/2/2022 12:00,Cilandak
4/2/2022 13:00,Cilandak
4/2/2022 14:00,Cilandak
4/2/2022 15:00,Cilandak
4/2/2022 16:00,Cilandak
4/2/2022 17:00,Kramat jati
4/2/2022 18:00,Cililitan
4/2/2022 19:00,Rambutan
4/2/2022 20:00,Cibubur
4/2/2022 21:00,Cibubur
4/2/2022 22:00,Cibubur
4/2/2022 23:00,Cibubur
4/2/2022 0:00,Cibubur
4/3/2022 1:00,Cibubur
4/3/2022 2:00,Cibubur
4/3/2022 3:00,Cibubur
4/3/2022 4:00,Cibubur
4/3/2022 5:00,Cibubur
4/3/2022 6:00,Cililitan
4/3/2022 7:00,Lebak Bulus
4/3/2022 8:00,Cilandak
4/3/2022 9:00,Cilandak
4/3/2022 10:00,Cilandak
4/3/2022 11:00,Cilandak
4/3/2022 12:00,Cilandak
4/3/2022 13:00,Cilandak
4/3/2022 14:00,Cilandak
4/3/2022 15:00,Cilandak
4/3/2022 16:00,Cilandak
4/3/2022 17:00,Kramat jati
4/3/2022 18:00,Cililitan
4/3/2022 19:00,Rambutan
4/3/2022 20:00,Cibubur
4/3/2022 21:00,Cibubur
4/3/2022 22:00,Cibubur
4/3/2022 23:00,Cibubur
4/3/2022 0:00,Cibubur
4/4/2022 1:00,Cibubur
4/4/2022 2:00,Cibubur
4/4/2022 3:00,Cibubur
4/4/2022 4:00,Cibubur
4/4/2022 5:00,Cibubur
4/4/2022 6:00,Cililitan
4/4/2022 7:00,Lebak Bulus
4/4/2022 8:00,Cilandak
4/4/2022 9:00,Cilandak
4/4/2022 10:00,Cilandak
4/4/2022 11:00,Cilandak
4/4/2022 12:00,Cilandak
4/4/2022 13:00,Cilandak
4/4/2022 14:00,Cilandak
4/4/2022 15:00,Cilandak
4/4/2022 16:00,Cilandak
4/4/2022 17:00,Kramat jati
4/4/2022 18:00,Cililitan
4/4/2022 19:00,Rambutan
4/4/2022 20:00,Cibubur
4/4/2022 21:00,Cibubur
4/4/2022 22:00,Cibubur
4/4/2022 23:00,Cibubur
4/4/2022 0:00,Cibubur
4/5/2022 1:00,Cibubur
4/5/2022 2:00,Cibubur
4/5/2022 3:00,Cibubur
4/5/2022 4:00,Cibubur
4/5/2022 5:00,Cibubur
4/5/2022 6:00,Cililitan
4/5/2022 7:00,Lebak Bulus
4/5/2022 8:00,Cilandak
4/5/2022 9:00,Cilandak
4/5/2022 10:00,Cilandak
4/5/2022 11:00,Cilandak
4/5/2022 12:00,Cilandak
4/5/2022 13:00,Cilandak
4/5/2022 14:00,Cilandak
4/5/2022 15:00,Cilandak
4/5/2022 16:00,Cilandak
4/5/2022 17:00,Kramat jati
4/5/2022 18:00,Cililitan
4/5/2022 19:00,Rambutan
4/5/2022 20:00,Cibubur
4/5/2022 21:00,Cibubur
4/5/2022 22:00,Cibubur
4/5/2022 23:00,Cibubur
4/5/2022 0:00,Cibubur
4/6/2022 1:00,Cibubur
4/6/2022 2:00,Cibubur
4/6/2022 3:00,Cibubur
4/6/2022 4:00,Cibubur
4/6/2022 5:00,Cibubur
4/6/2022 6:00,Cililitan
4/6/2022 7:00,Lebak Bulus
4/6/2022 8:00,Cilandak
4/6/2022 9:00,Cilandak
4/6/2022 10:00,Cilandak
4/6/2022 11:00,Cilandak
4/6/2022 12:00,Cilandak
4/6/2022 13:00,Cilandak
4/6/2022 14:00,Cilandak
4/6/2022 15:00,Cilandak
4/6/2022 16:00,Cilandak
4/6/2022 17:00,Kramat jati
4/6/2022 18:00,Cililitan
4/6/2022 19:00,Rambutan
4/6/2022 20:00,Cibubur
4/6/2022 21:00,Cibubur
4/6/2022 22:00,Cibubur
4/6/2022 23:00,Cibubur
4/6/2022 0:00,Cibubur
4/7/2022 1:00,Cibubur
4/7/2022 2:00,Cibubur
4/7/2022 3:00,Cibubur
4/7/2022 4:00,Cibubur
4/7/2022 5:00,Cibubur
4/7/2022 6:00,Cililitan
4/7/2022 7:00,Lebak Bulus
4/7/2022 8:00,Cilandak
4/7/2022 9:00,Cilandak
4/7/2022 10:00,Cilandak
4/7/2022 11:00,Cilandak
4/7/2022 12:00,Cilandak
4/7/2022 13:00,Cilandak
4/7/2022 14:00,Cilandak
4/7/2022 15:00,Cilandak
4/7/2022 16:00,Cilandak
4/7/2022 17:00,Kramat jati
4/7/2022 18:00,Cililitan
4/7/2022 19:00,Rambutan
4/7/2022 20:00,Cibubur
4/7/2022 21:00,Cibubur
4/7/2022 22:00,Cibubur
4/7/2022 23:00,Cibubur
4/7/2022 0:00,Cibubur
4/8/2022 1:00,Cibubur
4/8/2022 2:00,Cibubur
4/8/2022 3:00,Cibubur
4/8/2022 4:00,Cibubur
4/8/2022 5:00,Cibubur
4/8/2022 6:00,Cililitan
4/8/2022 7:00,Lebak Bulus
4/8/2022 8:00,Cilandak
4/8/2022 9:00,Cilandak
4/8/2022 10:00,Cilandak
4/8/2022 11:00,Cilandak
4/8/2022 12:00,Cilandak
4/8/2022 13:00,Cilandak
4/8/2022 14:00,Cilandak
4/8/2022 15:00,Cilandak
4/8/2022 16:00,Cilandak
4/8/2022 17:00,Kramat jati
4/8/2022 18:00,Cililitan
4/8/2022 19:00,Rambutan
4/8/2022 20:00,Cibubur
4/8/2022 21:00,Cibubur
4/8/2022 22:00,Cibubur
4/8/2022 23:00,Cibubur
4/8/2022 0:00,Cibubur
4/9/2022 1:00,Cibubur
4/9/2022 2:00,Cibubur
4/9/2022 3:00,Cibubur
4/9/2022 4:00,Cibubur
4/9/2022 5:00,Cibubur
4/9/2022 6:00,Cililitan
4/9/2022 7:00,Lebak Bulus
4/9/2022 8:00,Cilandak
4/9/2022 9:00,Cilandak
4/9/2022 10:00,Cilandak
4/9/2022 11:00,Cilandak
4/9/2022 12:00,Cilandak
4/9/2022 13:00,Cilandak
4/9/2022 14:00,Cilandak
4/9/2022 15:00,Cilandak
4/9/2022 16:00,Cilandak
4/9/2022 17:00,Kramat jati
4/9/2022 18:00,Cililitan
4/9/2022 19:00,Rambutan
4/9/2022 20:00,Cibubur
4/9/2022 21:00,Cibubur
4/9/2022 22:00,Cibubur
4/9/2022 23:00,Cibubur
4/9/2022 0:00,Cibubur
4/10/2022 1:00,Cibubur
4/10/2022 2:00,Cibubur
4/10/2022 3:00,Cibubur
4/10/2022 4:00,Cibubur
4/10/2022 5:00,Cibubur
4/10/2022 6:00,Cililitan
4/10/2022 7:00,Lebak Bulus
4/10/2022 8:00,Cilandak
4/10/2022 9:00,Cilandak
4/10/2022 10:00,Cilandak
4/10/2022 11:00,Cilandak
4/10/2022 12:00,Cilandak
4/10/2022 13:00,Cilandak
4/10/2022 14:00,Cilandak
4/10/2022 15:00,Cilandak
4/10/2022 16:00,Cilandak
4/10/2022 17:00,Kramat jati
4/10/2022 18:00,Cililitan
4/10/2022 19:00,Rambutan
4/10/2022 20:00,Cibubur
4/10/2022 21:00,Cibubur
4/10/2022 22:00,Cibubur
4/10/2022 23:00,Cibubur
4/10/2022 0:00,Cibubur
4/11/2022 1:00,Cibubur
4/11/2022 2:00,Cibubur
4/11/2022 3:00,Cibubur
4/11/2022 4:00,Cibubur
4/11/2022 5:00,Cibubur
4/11/2022 6:00,Cililitan
4/11/2022 7:00,Lebak Bulus
4/11/2022 8:00,Cilandak
4/11/2022 9:00,Cilandak
4/11/2022 10:00,Cilandak
4/11/2022 11:00,Cilandak
4/11/2022 12:00,Cilandak
4/11/2022 13:00,Cilandak
4/11/2022 14:00,Cilandak
4/11/2022 15:00,Cilandak
4/11/2022 16:00,Cilandak
4/11/2022 17:00,Kramat jati
4/11/2022 18:00,Cililitan
4/11/2022 19:00,Rambutan
4/11/2022 20:00,Cibubur
4/11/2022 21:00,Cibubur
4/11/2022 22:00,Cibubur
4/11/2022 23:00,Cibubur
4/11/2022 0:00,Cibubur
4/12/2022 1:00,Cibubur
4/12/2022 2:00,Cibubur
4/12/2022 3:00,Cibubur
4/12/2022 4:00,Cibubur
4/12/2022 5:00,Cibubur
4/12/2022 6:00,Cililitan
4/12/2022 7:00,Lebak Bulus
4/12/2022 8:00,Cilandak
4/12/2022 9:00,Cilandak
4/12/2022 10:00,Cilandak
4/12/2022 11:00,Cilandak
4/12/2022 12:00,Cilandak
4/12/2022 13:00,Cilandak
4/12/2022 14:00,Cilandak
4/12/2022 15:00,Cilandak
4/12/2022 16:00,Cilandak
4/12/2022 17:00,Kramat jati
4/12/2022 18:00,Cililitan
4/12/2022 19:00,Rambutan
4/12/2022 20:00,Cibubur
4/12/2022 21:00,Cibubur
4/12/2022 22:00,Cibubur
4/12/2022 23:00,Cibubur
4/12/2022 0:00,Cibubur
4/13/2022 1:00,Cibubur
4/13/2022 2:00,Cibubur
4/13/2022 3:00,Cibubur
4/13/2022 4:00,Cibubur
4/13/2022 5:00,Cibubur
4/13/2022 6:00,Cililitan
4/13/2022 7:00,Lebak Bulus
4/13/2022 8:00,Cilandak
4/13/2022 9:00,Cilandak
4/13/2022 10:00,Cilandak
4/13/2022 11:00,Cilandak
4/13/2022 12:00,Cilandak
4/13/2022 13:00,Cilandak
4/13/2022 14:00,Cilandak
4/13/2022 15:00,Cilandak
4/13/2022 16:00,Cilandak
4/13/2022 17:00,Kramat jati
4/13/2022 18:00,Cililitan
4/13/2022 19:00,Rambutan
4/13/2022 20:00,Cibubur
4/13/2022 21:00,Cibubur
4/13/2022 22:00,Cibubur
4/13/2022 23:00,Cibubur
4/13/2022 0:00,Cibubur
